{
  "checkpoint": "results/adam-124m-gelu-bQbV-seed42/model_final.pt",
  "model_type": "gelu_ablation",
  "mlp_type": "GELU",
  "use_biases": true,
  "summary": {
    "pattern_numeric": {
      "top1_accuracy": 0.25,
      "top5_accuracy": 0.75,
      "avg_rank": 4.0,
      "avg_first_token_loss": 2.26722352206707,
      "avg_completion_loss": 2.2672255486249924,
      "n_tasks": 4
    },
    "pattern_alpha": {
      "top1_accuracy": 0.0,
      "top5_accuracy": 1.0,
      "avg_rank": 2.5,
      "avg_first_token_loss": 2.7416187524795532,
      "avg_completion_loss": 2.741620898246765,
      "n_tasks": 2
    },
    "retrieval_near": {
      "top1_accuracy": 0.5,
      "top5_accuracy": 1.0,
      "avg_rank": 1.5,
      "avg_first_token_loss": 2.476680040359497,
      "avg_completion_loss": 2.476680040359497,
      "n_tasks": 2
    },
    "retrieval_far": {
      "top1_accuracy": 0.5,
      "top5_accuracy": 0.5,
      "avg_rank": 1.0,
      "avg_first_token_loss": 3.285965919494629,
      "avg_completion_loss": 3.285965919494629,
      "n_tasks": 2
    },
    "simple_inference": {
      "top1_accuracy": 0.5,
      "top5_accuracy": 1.0,
      "avg_rank": 1.5,
      "avg_first_token_loss": 1.451334834098816,
      "avg_completion_loss": 1.15823495388031,
      "n_tasks": 2
    },
    "negation": {
      "avg_ppl_ratio": 0.6720949890300912,
      "avg_loss_correct": 4.975536028544108,
      "avg_loss_incorrect": 4.565366744995117,
      "n_tasks": 3
    },
    "syntax": {
      "avg_ppl_ratio": 32.16322722766916,
      "avg_loss_correct": 4.260424733161926,
      "avg_loss_incorrect": 7.268885612487793,
      "n_tasks": 2
    },
    "copy": {
      "top1_accuracy": 0.5,
      "top5_accuracy": 0.5,
      "avg_rank": 5.0,
      "avg_first_token_loss": 3.391877293586731,
      "avg_completion_loss": 2.44118869304657,
      "n_tasks": 2
    },
    "_overall": {
      "avg_logic_puzzle_loss": 2.5545605548790524,
      "n_completion_tasks": 14
    }
  },
  "detailed": {
    "pattern_numeric": [
      {
        "prompt": "1, 2, 3, 4,",
        "expected": " 5",
        "top_predictions": [
          " 5",
          " 6",
          " 4",
          " and",
          " 7"
        ],
        "top_probs": [
          0.5306926965713501,
          0.10407302528619766,
          0.07696019113063812,
          0.06068604066967964,
          0.0436682291328907
        ],
        "expected_in_top1": true,
        "expected_in_top5": true,
        "expected_rank": 1,
        "first_token_loss": 0.6335721611976624,
        "completion_loss": 0.6335750222206116
      },
      {
        "prompt": "2, 4, 6, 8,",
        "expected": " 10",
        "top_predictions": [
          " 9",
          " and",
          " 10",
          " 8",
          " 12"
        ],
        "top_probs": [
          0.35436195135116577,
          0.12693245708942413,
          0.10026121884584427,
          0.0881691500544548,
          0.06512423604726791
        ],
        "expected_in_top1": false,
        "expected_in_top5": true,
        "expected_rank": 3,
        "first_token_loss": 2.299976348876953,
        "completion_loss": 2.2999773025512695
      },
      {
        "prompt": "1, 1, 2, 3, 5, 8,",
        "expected": " 13",
        "top_predictions": [
          " 9",
          " 10",
          " 8",
          " 12",
          " 11"
        ],
        "top_probs": [
          0.40687403082847595,
          0.16885775327682495,
          0.0694584771990776,
          0.05316741019487381,
          0.04660246893763542
        ],
        "expected_in_top1": false,
        "expected_in_top5": false,
        "expected_rank": 10,
        "first_token_loss": 4.1393938064575195,
        "completion_loss": 4.139393329620361
      },
      {
        "prompt": "10, 20, 30, 40,",
        "expected": " 50",
        "top_predictions": [
          " 40",
          " 50",
          " and",
          " 45",
          " 60"
        ],
        "top_probs": [
          0.24790853261947632,
          0.13588427007198334,
          0.11792561411857605,
          0.08612118661403656,
          0.07120645046234131
        ],
        "expected_in_top1": false,
        "expected_in_top5": true,
        "expected_rank": 2,
        "first_token_loss": 1.995951771736145,
        "completion_loss": 1.995956540107727
      }
    ],
    "pattern_alpha": [
      {
        "prompt": "A, B, C, D,",
        "expected": " E",
        "top_predictions": [
          " D",
          " C",
          " E",
          " and",
          " S"
        ],
        "top_probs": [
          0.1638040542602539,
          0.08230837434530258,
          0.0713360384106636,
          0.060392528772354126,
          0.04899834841489792
        ],
        "expected_in_top1": false,
        "expected_in_top5": true,
        "expected_rank": 3,
        "first_token_loss": 2.6403536796569824,
        "completion_loss": 2.64035701751709
      },
      {
        "prompt": "X, Y, Z, A,",
        "expected": " B",
        "top_predictions": [
          " Z",
          " B",
          " Y",
          " H",
          " C"
        ],
        "top_probs": [
          0.058339424431324005,
          0.05825741961598396,
          0.03724032640457153,
          0.03710133209824562,
          0.03531862050294876
        ],
        "expected_in_top1": false,
        "expected_in_top5": true,
        "expected_rank": 2,
        "first_token_loss": 2.842883825302124,
        "completion_loss": 2.8428847789764404
      }
    ],
    "retrieval_near": [
      {
        "prompt": "The color is blue. The shape is round. The color is",
        "expected": " blue",
        "top_predictions": [
          " white",
          " blue",
          " black",
          " yellow",
          " red"
        ],
        "top_probs": [
          0.10652973502874374,
          0.07384984195232391,
          0.07346217334270477,
          0.050595179200172424,
          0.0428403802216053
        ],
        "expected_in_top1": false,
        "expected_in_top5": true,
        "expected_rank": 2,
        "first_token_loss": 2.6057214736938477,
        "completion_loss": 2.6057214736938477
      },
      {
        "prompt": "John is tall. Mary is short. John is",
        "expected": " tall",
        "top_predictions": [
          " tall",
          " a",
          " short",
          " the",
          " very"
        ],
        "top_probs": [
          0.0955946296453476,
          0.059618160128593445,
          0.043216273188591,
          0.02773309499025345,
          0.027565643191337585
        ],
        "expected_in_top1": true,
        "expected_in_top5": true,
        "expected_rank": 1,
        "first_token_loss": 2.3476386070251465,
        "completion_loss": 2.3476386070251465
      }
    ],
    "retrieval_far": [
      {
        "prompt": "The capital of France is Paris. The capital of Germany is Berlin. The capital of Spain is Madrid. The capital of Italy is Rome. The capital of France is",
        "expected": " Paris",
        "top_predictions": [
          " Spain",
          " the",
          " Rome",
          " Italy",
          " France"
        ],
        "top_probs": [
          0.058881163597106934,
          0.058093149214982986,
          0.03891347348690033,
          0.03397733345627785,
          0.03213052079081535
        ],
        "expected_in_top1": false,
        "expected_in_top5": false,
        "expected_rank": -1,
        "first_token_loss": 4.157350540161133,
        "completion_loss": 4.157350540161133
      },
      {
        "prompt": "Alice likes apples. Bob likes bananas. Carol likes cherries. Dave likes dates. Alice likes",
        "expected": " apples",
        "top_predictions": [
          " apples",
          " apple",
          " bananas",
          " tomatoes",
          " winter"
        ],