{
  "checkpoint": "results/ecd-124m-gelu-symmetric-seed789/model_final.pt",
  "model_type": "gelu_ablation",
  "mlp_type": "GELU",
  "use_biases": false,
  "summary": {
    "pattern_numeric": {
      "top1_accuracy": 0.0,
      "top5_accuracy": 0.75,
      "avg_rank": 2.3333333333333335,
      "avg_first_token_loss": 2.642903447151184,
      "avg_completion_loss": 2.6429033279418945,
      "n_tasks": 4
    },
    "pattern_alpha": {
      "top1_accuracy": 0.0,
      "top5_accuracy": 0.5,
      "avg_rank": 6.0,
      "avg_first_token_loss": 3.2618578672409058,
      "avg_completion_loss": 3.2618554830551147,
      "n_tasks": 2
    },
    "retrieval_near": {
      "top1_accuracy": 1.0,
      "top5_accuracy": 1.0,
      "avg_rank": 1.0,
      "avg_first_token_loss": 2.1768838763237,
      "avg_completion_loss": 2.1768838763237,
      "n_tasks": 2
    },
    "retrieval_far": {
      "top1_accuracy": 0.5,
      "top5_accuracy": 0.5,
      "avg_rank": 4.5,
      "avg_first_token_loss": 2.613738000392914,
      "avg_completion_loss": 2.613738000392914,
      "n_tasks": 2
    },
    "simple_inference": {
      "top1_accuracy": 0.5,
      "top5_accuracy": 1.0,
      "avg_rank": 1.5,
      "avg_first_token_loss": 1.9109516739845276,
      "avg_completion_loss": 1.4189850687980652,
      "n_tasks": 2
    },
    "negation": {
      "avg_ppl_ratio": 0.6190695985673208,
      "avg_loss_correct": 4.697832266489665,
      "avg_loss_incorrect": 4.206072648366292,
      "n_tasks": 3
    },
    "syntax": {
      "avg_ppl_ratio": 6.939472029430901,
      "avg_loss_correct": 4.448992133140564,
      "avg_loss_incorrect": 6.22996973991394,
      "n_tasks": 2
    },
    "copy": {
      "top1_accuracy": 0.0,
      "top5_accuracy": 0.0,
      "avg_rank": -1,
      "avg_first_token_loss": 6.527185440063477,
      "avg_completion_loss": 5.090463638305664,
      "n_tasks": 2
    },
    "_overall": {
      "avg_logic_puzzle_loss": 3.1109176789011275,
      "n_completion_tasks": 14
    }
  },
  "detailed": {
    "pattern_numeric": [
      {
        "prompt": "1, 2, 3, 4,",
        "expected": " 5",
        "top_predictions": [
          " 4",
          " 5",
          " 6",
          " 7",
          " 8"
        ],
        "top_probs": [
          0.2269318848848343,
          0.18829631805419922,
          0.16957798600196838,
          0.08555009961128235,
          0.07831397652626038
        ],
        "expected_in_top1": false,
        "expected_in_top5": true,
        "expected_rank": 2,
        "first_token_loss": 1.669738531112671,
        "completion_loss": 1.669736385345459
      },
      {
        "prompt": "2, 4, 6, 8,",
        "expected": " 10",
        "top_predictions": [
          " 8",
          " 10",
          " 9",
          " 11",
          " 16"
        ],
        "top_probs": [
          0.18930450081825256,
          0.13124410808086395,
          0.12059084326028824,
          0.08054384589195251,
          0.06365208327770233
        ],
        "expected_in_top1": false,
        "expected_in_top5": true,
        "expected_rank": 2,
        "first_token_loss": 2.030696153640747,
        "completion_loss": 2.0306966304779053
      },
      {
        "prompt": "1, 1, 2, 3, 5, 8,",
        "expected": " 13",
        "top_predictions": [
          " 8",
          " 10",
          " 9",
          " 16",
          " 7"
        ],
        "top_probs": [
          0.16776885092258453,
          0.12353935092687607,
          0.09615933895111084,
          0.06415002048015594,
          0.061654411256313324
        ],
        "expected_in_top1": false,
        "expected_in_top5": false,
        "expected_rank": -1,
        "first_token_loss": 4.239447116851807,
        "completion_loss": 4.239444732666016
      },
      {
        "prompt": "10, 20, 30, 40,",
        "expected": " 50",
        "top_predictions": [
          " 40",
          " 60",
          " 50",
          " 45",
          " 32"
        ],
        "top_probs": [
          0.15018042922019958,
          0.07446469366550446,
          0.07195373624563217,
          0.041011061519384384,
          0.04004565253853798
        ],
        "expected_in_top1": false,
        "expected_in_top5": true,
        "expected_rank": 3,
        "first_token_loss": 2.6317319869995117,
        "completion_loss": 2.6317355632781982
      }
    ],
    "pattern_alpha": [
      {
        "prompt": "A, B, C, D,",
        "expected": " E",
        "top_predictions": [
          " C",
          " B",
          " D",
          " G",
          " E"
        ],
        "top_probs": [
          0.10433841496706009,
          0.06994248926639557,
          0.05618150159716606,
          0.05447494983673096,
          0.0502544604241848
        ],
        "expected_in_top1": false,
        "expected_in_top5": true,
        "expected_rank": 5,
        "first_token_loss": 2.9906558990478516,
        "completion_loss": 2.9906551837921143
      },
      {
        "prompt": "X, Y, Z, A,",
        "expected": " B",
        "top_predictions": [
          " Y",
          " Z",
          " C",
          " K",
          " H"
        ],
        "top_probs": [
          0.10080832242965698,
          0.09758683294057846,
          0.04270125553011894,
          0.03676987439393997,
          0.03153263032436371
        ],
        "expected_in_top1": false,
        "expected_in_top5": false,
        "expected_rank": 7,
        "first_token_loss": 3.53305983543396,
        "completion_loss": 3.5330557823181152
      }
    ],
    "retrieval_near": [
      {
        "prompt": "The color is blue. The shape is round. The color is",
        "expected": " blue",
        "top_predictions": [
          " blue",
          " white",
          " dark",
          " black",
          " red"
        ],
        "top_probs": [
          0.08731413632631302,
          0.06292421370744705,
          0.059593912214040756,
          0.05835026502609253,
          0.04862457513809204
        ],
        "expected_in_top1": true,
        "expected_in_top5": true,
        "expected_rank": 1,
        "first_token_loss": 2.4382429122924805,
        "completion_loss": 2.4382429122924805
      },
      {
        "prompt": "John is tall. Mary is short. John is",
        "expected": " tall",
        "top_predictions": [
          " tall",
          " short",
          " a",
          " long",
          " very"
        ],
        "top_probs": [
          0.1472645252943039,
          0.127179354429245,
          0.04209461063146591,
          0.036647357046604156,
          0.020410479977726936
        ],
        "expected_in_top1": true,
        "expected_in_top5": true,
        "expected_rank": 1,
        "first_token_loss": 1.9155248403549194,
        "completion_loss": 1.9155248403549194
      }
    ],
    "retrieval_far": [
      {
        "prompt": "The capital of France is Paris. The capital of Germany is Berlin. The capital of Spain is Madrid. The capital of Italy is Rome. The capital of France is",
        "expected": " Paris",
        "top_predictions": [
          " France",
          " Italy",
          " Rome",
          " Spain",
          " Germany"
        ],
        "top_probs": [
          0.13324670493602753,
          0.12659980356693268,
          0.07268054038286209,
          0.057087719440460205,
          0.04148528724908829
        ],
        "expected_in_top1": false,
        "expected_in_top5": false,
        "expected_rank": 8,
        "first_token_loss": 3.6820359230041504,
        "completion_loss": 3.6820359230041504
      },
      {
        "prompt": "Alice likes apples. Bob likes bananas. Carol likes cherries. Dave likes dates. Alice likes",
        "expected": " apples",
        "top_predictions": [
          " apples",
          " bananas",
          " a",
          " the",
          " oranges"
        ],