{
  "checkpoint": "results/soap-124m-gelu-symmetric-seed42/model_final.pt",
  "model_type": "gelu_ablation",
  "mlp_type": "GELU",
  "use_biases": false,
  "summary": {
    "pattern_numeric": {
      "top1_accuracy": 0.25,
      "top5_accuracy": 0.5,
      "avg_rank": 4.0,
      "avg_first_token_loss": 3.539987564086914,
      "avg_completion_loss": 3.53998726606369,
      "n_tasks": 4
    },
    "pattern_alpha": {
      "top1_accuracy": 0.5,
      "top5_accuracy": 1.0,
      "avg_rank": 2.5,
      "avg_first_token_loss": 2.4226369857788086,
      "avg_completion_loss": 2.422636568546295,
      "n_tasks": 2
    },
    "retrieval_near": {
      "top1_accuracy": 1.0,
      "top5_accuracy": 1.0,
      "avg_rank": 1.0,
      "avg_first_token_loss": 1.4170822501182556,
      "avg_completion_loss": 1.4170822501182556,
      "n_tasks": 2
    },
    "retrieval_far": {
      "top1_accuracy": 0.0,
      "top5_accuracy": 0.5,
      "avg_rank": 7.0,
      "avg_first_token_loss": 4.44716739654541,
      "avg_completion_loss": 4.44716739654541,
      "n_tasks": 2
    },
    "simple_inference": {
      "top1_accuracy": 0.5,
      "top5_accuracy": 0.5,
      "avg_rank": 1.0,
      "avg_first_token_loss": 2.776594579219818,
      "avg_completion_loss": 1.7550434470176697,
      "n_tasks": 2
    },
    "negation": {
      "avg_ppl_ratio": 0.5691410257876108,
      "avg_loss_correct": 5.326765696207683,
      "avg_loss_incorrect": 4.74565315246582,
      "n_tasks": 3
    },
    "syntax": {
      "avg_ppl_ratio": 19.62848328667001,
      "avg_loss_correct": 4.668002486228943,
      "avg_loss_incorrect": 7.626874685287476,
      "n_tasks": 2
    },
    "copy": {
      "top1_accuracy": 0.0,
      "top5_accuracy": 0.0,
      "avg_rank": -1,
      "avg_first_token_loss": 7.875270843505859,
      "avg_completion_loss": 6.926150321960449,
      "n_tasks": 2
    },
    "_overall": {
      "avg_logic_puzzle_loss": 3.7169610261917114,
      "n_completion_tasks": 14
    }
  },
  "detailed": {
    "pattern_numeric": [
      {
        "prompt": "1, 2, 3, 4,",
        "expected": " 5",
        "top_predictions": [
          " 5",
          " 6",
          " 4",
          " 7",
          " and"
        ],
        "top_probs": [
          0.2593446373939514,
          0.19309477508068085,
          0.10064268857240677,
          0.0834401547908783,
          0.06042519956827164
        ],
        "expected_in_top1": true,
        "expected_in_top5": true,
        "expected_rank": 1,
        "first_token_loss": 1.349597454071045,
        "completion_loss": 1.3495948314666748
      },
      {
        "prompt": "2, 4, 6, 8,",
        "expected": " 10",
        "top_predictions": [
          " 9",
          " and",
          " 8",
          " 10",
          " 12"
        ],
        "top_probs": [
          0.2697524130344391,
          0.18195316195487976,
          0.1412758231163025,
          0.06067737936973572,
          0.03801937773823738
        ],
        "expected_in_top1": false,
        "expected_in_top5": true,
        "expected_rank": 4,
        "first_token_loss": 2.8021843433380127,
        "completion_loss": 2.802184581756592
      },
      {
        "prompt": "1, 1, 2, 3, 5, 8,",
        "expected": " 13",
        "top_predictions": [
          " 9",
          " 8",
          " and",
          " 10",
          " 6"
        ],
        "top_probs": [
          0.27014753222465515,
          0.10546083748340607,
          0.094605952501297,
          0.061599887907505035,
          0.05256207287311554
        ],
        "expected_in_top1": false,
        "expected_in_top5": false,
        "expected_rank": -1,
        "first_token_loss": 6.759130477905273,
        "completion_loss": 6.759132385253906
      },
      {
        "prompt": "10, 20, 30, 40,",
        "expected": " 50",
        "top_predictions": [
          " 39",
          " 60",
          " 42",
          " and",
          " 36"
        ],
        "top_probs": [
          0.11754324287176132,
          0.07484103739261627,
          0.05604124814271927,
          0.05583633854985237,
          0.05216788128018379
        ],
        "expected_in_top1": false,
        "expected_in_top5": false,
        "expected_rank": 7,
        "first_token_loss": 3.249037981033325,
        "completion_loss": 3.249037265777588
      }
    ],
    "pattern_alpha": [
      {
        "prompt": "A, B, C, D,",
        "expected": " E",
        "top_predictions": [
          " E",
          " and",
          " G",
          " B",
          " C"
        ],
        "top_probs": [
          0.23626597225666046,
          0.08878935873508453,
          0.08827552199363708,
          0.06449480354785919,
          0.05304946377873421
        ],
        "expected_in_top1": true,
        "expected_in_top5": true,
        "expected_rank": 1,
        "first_token_loss": 1.4427971839904785,
        "completion_loss": 1.4427953958511353
      },
      {
        "prompt": "X, Y, Z, A,",
        "expected": " B",
        "top_predictions": [
          " and",
          " Z",
          " Y",
          " B",
          " H"
        ],
        "top_probs": [
          0.11454310268163681,
          0.07861620932817459,
          0.03351820632815361,
          0.03329070657491684,
          0.026649465784430504
        ],
        "expected_in_top1": false,
        "expected_in_top5": true,
        "expected_rank": 4,
        "first_token_loss": 3.4024767875671387,
        "completion_loss": 3.402477741241455
      }
    ],
    "retrieval_near": [
      {
        "prompt": "The color is blue. The shape is round. The color is",
        "expected": " blue",
        "top_predictions": [
          " blue",
          " black",
          " white",
          " yellow",
          " red"
        ],
        "top_probs": [
          0.21768558025360107,
          0.1145765632390976,
          0.11191566288471222,
          0.0661013051867485,
          0.05880964174866676
        ],
        "expected_in_top1": true,
        "expected_in_top5": true,
        "expected_rank": 1,
        "first_token_loss": 1.5247035026550293,
        "completion_loss": 1.5247035026550293
      },
      {
        "prompt": "John is tall. Mary is short. John is",
        "expected": " tall",
        "top_predictions": [
          " tall",
          " short",
          " long",
          " a",
          " flat"
        ],
        "top_probs": [
          0.2699655294418335,
          0.15720734000205994,
          0.06203668564558029,
          0.030341049656271935,
          0.014984803274273872
        ],
        "expected_in_top1": true,
        "expected_in_top5": true,
        "expected_rank": 1,
        "first_token_loss": 1.309460997581482,
        "completion_loss": 1.309460997581482
      }
    ],
    "retrieval_far": [
      {
        "prompt": "The capital of France is Paris. The capital of Germany is Berlin. The capital of Spain is Madrid. The capital of Italy is Rome. The capital of France is",
        "expected": " Paris",
        "top_predictions": [
          " Montreal",
          " the",
          " Saint",
          " France",
          " Spain"
        ],
        "top_probs": [
          0.03485720977187157,
          0.024919427931308746,
          0.024313874542713165,
          0.022015664726495743,
          0.017748171463608742
        ],
        "expected_in_top1": false,
        "expected_in_top5": false,
        "expected_rank": 9,
        "first_token_loss": 4.643110275268555,
        "completion_loss": 4.643110275268555
      },
      {
        "prompt": "Alice likes apples. Bob likes bananas. Carol likes cherries. Dave likes dates. Alice likes",
        "expected": " apples",
        "top_predictions": [
          " to",
          " the",
          " a",
          " them",
          " apples"
        ],